text,label
Introducing Our New Shoes Line,Non-Promotion
New Arrivals in Electronics,Non-Promotion
Latest in Laptops Just for You,Non-Promotion
57% Discount on Shoes,Promotion
Introducing Our New Books Line,Non-Promotion
Save Big: Up to 89% Off on Laptops,Promotion
Flash Sale: 17% Off on Fashion,Promotion
Special Offer: Buy 28 and Get Toys Free,Promotion
Top Picks in Home Decor for You,Non-Promotion
Latest in Shoes Just for You,Non-Promotion
Explore the Latest Books Collection,Non-Promotion
Exclusive Deal: 64% Off on Toys,Promotion
Explore the Latest Fashion Collection,Non-Promotion
Shoes Now Available Online,Non-Promotion
Flat 80% Off on Mobiles,Promotion
Deal of the Day: 69% Off on Toys,Promotion
Explore the Latest Electronics Collection,Non-Promotion
Deal of the Day: 13% Off on Fashion,Promotion
Explore the Latest Fashion Collection,Non-Promotion
Deal of the Day: 79% Off on Mobiles,Promotion
Fresh Styles in Mobiles,Non-Promotion
Explore the Latest Beauty Products Collection,Non-Promotion
Flash Sale: 28% Off on Beauty Products,Promotion
Deal of the Day: 32% Off on Mobiles,Promotion
Introducing Our New Books Line,Non-Promotion
Exclusive Deal: 10% Off on Toys,Promotion
New Arrivals in Home Decor,Non-Promotion
Buy 1 Get 1 Free on 27,Promotion
52% Discount on Appliances,Promotion
Flat 85% Off on Laptops,Promotion
Shoes Trends You’ll Love,Non-Promotion
Mega Sale: 86% Off,Promotion
Limited Time Offer: Save 14% on Appliances,Promotion
Flat 59% Off on Laptops,Promotion
Introducing Our New Laptops Line,Non-Promotion
Flash Sale: 62% Off on Furniture,Promotion
Browse Our Electronics Catalog,Non-Promotion
Limited Time Offer: Save 44% on Appliances,Promotion
Flash Sale: 90% Off on Furniture,Promotion
Discover the Newest Trends in Toys,Non-Promotion
Buy 1 Get 1 Free on 48,Promotion
Beauty Products Now Available Online,Non-Promotion
Limited Time Offer: Save 40% on Fashion,Promotion
Latest in Appliances Just for You,Non-Promotion
Flash Sale: 21% Off on Shoes,Promotion
Toys Trends You’ll Love,Non-Promotion
Exclusive Deal: 82% Off on Furniture,Promotion
Latest in Toys Just for You,Non-Promotion
Browse Our Beauty Products Catalog,Non-Promotion
Flash Sale: 66% Off on Toys,Promotion
Mega Sale: 31% Off,Promotion
Buy 1 Get 1 Free on 46,Promotion
Buy 1 Get 1 Free on 81,Promotion
Explore the Latest Mobiles Collection,Non-Promotion
Exclusive Deal: 42% Off on Laptops,Promotion
New Arrivals in Fashion,Non-Promotion
Fresh Styles in Books,Non-Promotion
Browse Our Appliances Catalog,Non-Promotion
Mobiles Now Available Online,Non-Promotion
Toys Now Available Online,Non-Promotion
Discover the Newest Trends in Home Decor,Non-Promotion
Browse Our Beauty Products Catalog,Non-Promotion
Deal of the Day: 81% Off on Furniture,Promotion
New Arrivals in Electronics,Non-Promotion
Introducing Our New Beauty Products Line,Non-Promotion
Special Offer: Buy 14 and Get Electronics Free,Promotion
Browse Our Appliances Catalog,Non-Promotion
Flat 66% Off on Books,Promotion
Discover the Newest Trends in Books,Non-Promotion
Mega Sale: 57% Off,Promotion
Save Big: Up to 83% Off on Home Decor,Promotion
Latest in Beauty Products Just for You,Non-Promotion
Buy 1 Get 1 Free on 47,Promotion
Flash Sale: 75% Off on Beauty Products,Promotion
Discover the Newest Trends in Appliances,Non-Promotion
Mega Sale: 15% Off,Promotion
Limited Time Offer: Save 17% on Toys,Promotion
New Arrivals in Toys,Non-Promotion
64% Discount on Shoes,Promotion
Books Now Available Online,Non-Promotion
Buy 1 Get 1 Free on 43,Promotion
Exclusive Deal: 52% Off on Appliances,Promotion
Top Picks in Books for You,Non-Promotion
Latest in Furniture Just for You,Non-Promotion
Deal of the Day: 33% Off on Electronics,Promotion
Mega Sale: 83% Off,Promotion
Save Big: Up to 50% Off on Toys,Promotion
Deal of the Day: 68% Off on Shoes,Promotion
Exclusive Deal: 80% Off on Toys,Promotion
Browse Our Laptops Catalog,Non-Promotion
Fresh Styles in Furniture,Non-Promotion
Exclusive Deal: 43% Off on Appliances,Promotion
Top Picks in Laptops for You,Non-Promotion
Exclusive Deal: 77% Off on Fashion,Promotion
Introducing Our New Laptops Line,Non-Promotion
New Arrivals in Toys,Non-Promotion
Appliances Trends You’ll Love,Non-Promotion
Fresh Styles in Shoes,Non-Promotion
Introducing Our New Beauty Products Line,Non-Promotion
Exclusive Deal: 51% Off on Furniture,Promotion
Deal of the Day: 70% Off on Mobiles,Promotion
New Arrivals in Electronics,Non-Promotion
Toys Now Available Online,Non-Promotion
Exclusive Deal: 68% Off on Furniture,Promotion
Browse Our Furniture Catalog,Non-Promotion
Electronics Now Available Online,Non-Promotion
Deal of the Day: 15% Off on Laptops,Promotion
Flat 18% Off on Fashion,Promotion
Explore the Latest Electronics Collection,Non-Promotion
Save Big: Up to 89% Off on Fashion,Promotion
Buy 1 Get 1 Free on 30,Promotion
Shoes Now Available Online,Non-Promotion
Top Picks in Toys for You,Non-Promotion
Deal of the Day: 60% Off on Appliances,Promotion
Browse Our Furniture Catalog,Non-Promotion
Discover the Newest Trends in Fashion,Non-Promotion
Buy 1 Get 1 Free on 57,Promotion
Flash Sale: 37% Off on Laptops,Promotion
Fresh Styles in Books,Non-Promotion
Top Picks in Electronics for You,Non-Promotion
Deal of the Day: 44% Off on Laptops,Promotion
Top Picks in Mobiles for You,Non-Promotion
Laptops Trends You’ll Love,Non-Promotion
Limited Time Offer: Save 10% on Laptops,Promotion
Special Offer: Buy 68 and Get Electronics Free,Promotion
Discover the Newest Trends in Shoes,Non-Promotion
Save Big: Up to 55% Off on Laptops,Promotion
Home Decor Trends You’ll Love,Non-Promotion
Limited Time Offer: Save 27% on Books,Promotion
Special Offer: Buy 59 and Get Beauty Products Free,Promotion
Top Picks in Appliances for You,Non-Promotion
Top Picks in Beauty Products for You,Non-Promotion
Electronics Trends You’ll Love,Non-Promotion
Exclusive Deal: 30% Off on Fashion,Promotion
Top Picks in Electronics for You,Non-Promotion
43% Discount on Mobiles,Promotion
Latest in Home Decor Just for You,Non-Promotion
52% Discount on Laptops,Promotion
Save Big: Up to 69% Off on Electronics,Promotion
Save Big: Up to 31% Off on Beauty Products,Promotion
Fresh Styles in Fashion,Non-Promotion
Electronics Now Available Online,Non-Promotion
Limited Time Offer: Save 53% on Toys,Promotion
Introducing Our New Appliances Line,Non-Promotion
Deal of the Day: 41% Off on Electronics,Promotion
Fresh Styles in Shoes,Non-Promotion
Limited Time Offer: Save 84% on Appliances,Promotion
Limited Time Offer: Save 54% on Appliances,Promotion
Deal of the Day: 35% Off on Fashion,Promotion
Browse Our Fashion Catalog,Non-Promotion
Fresh Styles in Mobiles,Non-Promotion
Furniture Now Available Online,Non-Promotion
Discover the Newest Trends in Home Decor,Non-Promotion
Browse Our Shoes Catalog,Non-Promotion
Exclusive Deal: 39% Off on Furniture,Promotion
Top Picks in Shoes for You,Non-Promotion
62% Discount on Laptops,Promotion
Flash Sale: 12% Off on Home Decor,Promotion
Top Picks in Shoes for You,Non-Promotion
Limited Time Offer: Save 58% on Mobiles,Promotion
Explore the Latest Appliances Collection,Non-Promotion
Buy 1 Get 1 Free on 11,Promotion
Deal of the Day: 25% Off on Shoes,Promotion
New Arrivals in Mobiles,Non-Promotion
Limited Time Offer: Save 77% on Electronics,Promotion
Mega Sale: 66% Off,Promotion
Flash Sale: 78% Off on Books,Promotion
New Arrivals in Home Decor,Non-Promotion
Browse Our Fashion Catalog,Non-Promotion
New Arrivals in Home Decor,Non-Promotion
New Arrivals in Toys,Non-Promotion
Save Big: Up to 71% Off on Furniture,Promotion
Browse Our Furniture Catalog,Non-Promotion
Explore the Latest Shoes Collection,Non-Promotion
Flat 63% Off on Books,Promotion
Special Offer: Buy 85 and Get Mobiles Free,Promotion
Flash Sale: 50% Off on Toys,Promotion
Special Offer: Buy 87 and Get Appliances Free,Promotion
Special Offer: Buy 26 and Get Appliances Free,Promotion
Deal of the Day: 63% Off on Beauty Products,Promotion
Explore the Latest Toys Collection,Non-Promotion
New Arrivals in Fashion,Non-Promotion
Deal of the Day: 58% Off on Shoes,Promotion
Mega Sale: 50% Off,Promotion
Buy 1 Get 1 Free on 25,Promotion
Limited Time Offer: Save 87% on Shoes,Promotion
19% Discount on Laptops,Promotion
64% Discount on Furniture,Promotion
Flat 25% Off on Electronics,Promotion
26% Discount on Toys,Promotion
Introducing Our New Books Line,Non-Promotion
Flat 81% Off on Home Decor,Promotion
New Arrivals in Fashion,Non-Promotion
Top Picks in Toys for You,Non-Promotion
Top Picks in Laptops for You,Non-Promotion
Latest in Books Just for You,Non-Promotion
Buy 1 Get 1 Free on 83,Promotion
Fresh Styles in Beauty Products,Non-Promotion
Discover the Newest Trends in Fashion,Non-Promotion
Browse Our Fashion Catalog,Non-Promotion
Fresh Styles in Fashion,Non-Promotion
Browse Our Beauty Products Catalog,Non-Promotion
Deal of the Day: 85% Off on Toys,Promotion
Flat 46% Off on Mobiles,Promotion
Mega Sale: 57% Off,Promotion
Fresh Styles in Appliances,Non-Promotion
Electronics Trends You’ll Love,Non-Promotion
52% Discount on Toys,Promotion
Browse Our Appliances Catalog,Non-Promotion
Browse Our Home Decor Catalog,Non-Promotion
Introducing Our New Laptops Line,Non-Promotion
Fashion Now Available Online,Non-Promotion
Save Big: Up to 21% Off on Appliances,Promotion
Deal of the Day: 16% Off on Shoes,Promotion
Buy 1 Get 1 Free on 45,Promotion
Discover the Newest Trends in Books,Non-Promotion
Top Picks in Furniture for You,Non-Promotion
Flat 32% Off on Beauty Products,Promotion
Fresh Styles in Electronics,Non-Promotion
Toys Trends You’ll Love,Non-Promotion
Latest in Electronics Just for You,Non-Promotion
Flat 30% Off on Appliances,Promotion
Discover the Newest Trends in Shoes,Non-Promotion
Exclusive Deal: 38% Off on Home Decor,Promotion
Mega Sale: 32% Off,Promotion
Furniture Now Available Online,Non-Promotion
Save Big: Up to 28% Off on Laptops,Promotion
Exclusive Deal: 56% Off on Furniture,Promotion
Explore the Latest Home Decor Collection,Non-Promotion
Introducing Our New Home Decor Line,Non-Promotion
Exclusive Deal: 26% Off on Toys,Promotion
Deal of the Day: 74% Off on Shoes,Promotion
Save Big: Up to 72% Off on Mobiles,Promotion
Top Picks in Electronics for You,Non-Promotion
Buy 1 Get 1 Free on 86,Promotion
Latest in Books Just for You,Non-Promotion
Flash Sale: 64% Off on Electronics,Promotion
Flash Sale: 73% Off on Books,Promotion
Buy 1 Get 1 Free on 58,Promotion
New Arrivals in Furniture,Non-Promotion
Explore the Latest Home Decor Collection,Non-Promotion
Flash Sale: 53% Off on Furniture,Promotion
Electronics Now Available Online,Non-Promotion
Exclusive Deal: 61% Off on Laptops,Promotion
Mega Sale: 67% Off,Promotion
Mobiles Now Available Online,Non-Promotion
Special Offer: Buy 79 and Get Books Free,Promotion
Books Now Available Online,Non-Promotion
Browse Our Toys Catalog,Non-Promotion
Mega Sale: 67% Off,Promotion
Beauty Products Trends You’ll Love,Non-Promotion
Fresh Styles in Appliances,Non-Promotion
Mega Sale: 16% Off,Promotion
Exclusive Deal: 73% Off on Beauty Products,Promotion
Top Picks in Fashion for You,Non-Promotion
Mega Sale: 38% Off,Promotion
Fresh Styles in Mobiles,Non-Promotion
Explore the Latest Furniture Collection,Non-Promotion
Mega Sale: 35% Off,Promotion
Save Big: Up to 24% Off on Laptops,Promotion
Introducing Our New Fashion Line,Non-Promotion
Special Offer: Buy 42 and Get Laptops Free,Promotion
Introducing Our New Furniture Line,Non-Promotion
Flat 60% Off on Appliances,Promotion
Browse Our Fashion Catalog,Non-Promotion
Introducing Our New Appliances Line,Non-Promotion
Top Picks in Electronics for You,Non-Promotion
Discover the Newest Trends in Electronics,Non-Promotion
Introducing Our New Furniture Line,Non-Promotion
Deal of the Day: 63% Off on Fashion,Promotion
Limited Time Offer: Save 23% on Laptops,Promotion
Fresh Styles in Furniture,Non-Promotion
Explore the Latest Books Collection,Non-Promotion
Explore the Latest Laptops Collection,Non-Promotion
Deal of the Day: 70% Off on Mobiles,Promotion
Explore the Latest Books Collection,Non-Promotion
Top Picks in Fashion for You,Non-Promotion
Discover the Newest Trends in Books,Non-Promotion
Exclusive Deal: 50% Off on Electronics,Promotion
Flash Sale: 83% Off on Fashion,Promotion
Fresh Styles in Home Decor,Non-Promotion
Deal of the Day: 66% Off on Home Decor,Promotion
Save Big: Up to 73% Off on Electronics,Promotion
Exclusive Deal: 75% Off on Books,Promotion
New Arrivals in Shoes,Non-Promotion
Introducing Our New Shoes Line,Non-Promotion
Flash Sale: 62% Off on Books,Promotion
Browse Our Shoes Catalog,Non-Promotion
Limited Time Offer: Save 78% on Furniture,Promotion
Buy 1 Get 1 Free on 80,Promotion
Laptops Now Available Online,Non-Promotion
Discover the Newest Trends in Toys,Non-Promotion
Fresh Styles in Toys,Non-Promotion
Special Offer: Buy 90 and Get Laptops Free,Promotion
Buy 1 Get 1 Free on 56,Promotion
Latest in Laptops Just for You,Non-Promotion
Flat 37% Off on Beauty Products,Promotion
Introducing Our New Books Line,Non-Promotion
Discover the Newest Trends in Appliances,Non-Promotion
Latest in Toys Just for You,Non-Promotion
Browse Our Toys Catalog,Non-Promotion
Exclusive Deal: 66% Off on Home Decor,Promotion
49% Discount on Appliances,Promotion
Flash Sale: 19% Off on Beauty Products,Promotion
25% Discount on Fashion,Promotion
Mega Sale: 15% Off,Promotion
Exclusive Deal: 44% Off on Home Decor,Promotion
Special Offer: Buy 83 and Get Home Decor Free,Promotion
Explore the Latest Electronics Collection,Non-Promotion
Shoes Now Available Online,Non-Promotion
Flash Sale: 50% Off on Beauty Products,Promotion
Mega Sale: 41% Off,Promotion
Books Trends You’ll Love,Non-Promotion
Explore the Latest Beauty Products Collection,Non-Promotion
Discover the Newest Trends in Mobiles,Non-Promotion
Save Big: Up to 31% Off on Furniture,Promotion
Exclusive Deal: 68% Off on Shoes,Promotion
Fresh Styles in Appliances,Non-Promotion
Exclusive Deal: 77% Off on Home Decor,Promotion
Introducing Our New Laptops Line,Non-Promotion
Mega Sale: 26% Off,Promotion
Shoes Now Available Online,Non-Promotion
Special Offer: Buy 25 and Get Books Free,Promotion
Appliances Trends You’ll Love,Non-Promotion
Appliances Trends You’ll Love,Non-Promotion
Deal of the Day: 22% Off on Shoes,Promotion
Top Picks in Furniture for You,Non-Promotion
12% Discount on Beauty Products,Promotion
Explore the Latest Home Decor Collection,Non-Promotion
Discover the Newest Trends in Mobiles,Non-Promotion
Browse Our Appliances Catalog,Non-Promotion
Latest in Furniture Just for You,Non-Promotion
Special Offer: Buy 39 and Get Books Free,Promotion
Mobiles Trends You’ll Love,Non-Promotion
Limited Time Offer: Save 17% on Electronics,Promotion
Books Trends You’ll Love,Non-Promotion
Introducing Our New Shoes Line,Non-Promotion
Deal of the Day: 29% Off on Beauty Products,Promotion
Browse Our Appliances Catalog,Non-Promotion
Exclusive Deal: 20% Off on Toys,Promotion
Mega Sale: 79% Off,Promotion
Deal of the Day: 45% Off on Laptops,Promotion
57% Discount on Shoes,Promotion
Save Big: Up to 31% Off on Mobiles,Promotion
Flash Sale: 84% Off on Fashion,Promotion
Explore the Latest Electronics Collection,Non-Promotion
Flash Sale: 80% Off on Toys,Promotion
Latest in Home Decor Just for You,Non-Promotion
Limited Time Offer: Save 51% on Mobiles,Promotion
Deal of the Day: 27% Off on Books,Promotion
28% Discount on Appliances,Promotion
Explore the Latest Appliances Collection,Non-Promotion
Save Big: Up to 22% Off on Furniture,Promotion
Mega Sale: 47% Off,Promotion
Explore the Latest Shoes Collection,Non-Promotion
Limited Time Offer: Save 72% on Laptops,Promotion
Introducing Our New Fashion Line,Non-Promotion
Furniture Trends You’ll Love,Non-Promotion
Mega Sale: 28% Off,Promotion
Flat 75% Off on Appliances,Promotion
Mega Sale: 68% Off,Promotion
Explore the Latest Electronics Collection,Non-Promotion
Save Big: Up to 88% Off on Home Decor,Promotion
Discover the Newest Trends in Beauty Products,Non-Promotion
Limited Time Offer: Save 79% on Electronics,Promotion
Discover the Newest Trends in Beauty Products,Non-Promotion
Fresh Styles in Furniture,Non-Promotion
New Arrivals in Shoes,Non-Promotion
Fresh Styles in Furniture,Non-Promotion
Flash Sale: 15% Off on Electronics,Promotion
Special Offer: Buy 14 and Get Fashion Free,Promotion
Limited Time Offer: Save 54% on Mobiles,Promotion
Books Trends You’ll Love,Non-Promotion
Save Big: Up to 61% Off on Beauty Products,Promotion
Save Big: Up to 58% Off on Mobiles,Promotion
Flash Sale: 43% Off on Books,Promotion
Flash Sale: 38% Off on Appliances,Promotion
10% Discount on Mobiles,Promotion
Fresh Styles in Fashion,Non-Promotion
Appliances Trends You’ll Love,Non-Promotion
Furniture Trends You’ll Love,Non-Promotion
Flat 73% Off on Furniture,Promotion
Fresh Styles in Home Decor,Non-Promotion
Fresh Styles in Mobiles,Non-Promotion
Deal of the Day: 56% Off on Appliances,Promotion
Special Offer: Buy 53 and Get Furniture Free,Promotion
Limited Time Offer: Save 53% on Fashion,Promotion
Explore the Latest Shoes Collection,Non-Promotion
Deal of the Day: 39% Off on Fashion,Promotion
New Arrivals in Electronics,Non-Promotion
Exclusive Deal: 45% Off on Home Decor,Promotion
Exclusive Deal: 26% Off on Beauty Products,Promotion
New Arrivals in Toys,Non-Promotion
Flat 90% Off on Electronics,Promotion
Deal of the Day: 35% Off on Home Decor,Promotion
Top Picks in Laptops for You,Non-Promotion
Buy 1 Get 1 Free on 25,Promotion
Fresh Styles in Appliances,Non-Promotion
Latest in Shoes Just for You,Non-Promotion
Browse Our Furniture Catalog,Non-Promotion
Latest in Books Just for You,Non-Promotion
Explore the Latest Furniture Collection,Non-Promotion
Save Big: Up to 48% Off on Beauty Products,Promotion
Limited Time Offer: Save 27% on Shoes,Promotion
Special Offer: Buy 81 and Get Fashion Free,Promotion
Special Offer: Buy 61 and Get Appliances Free,Promotion
Flat 86% Off on Shoes,Promotion
Flat 13% Off on Laptops,Promotion
Latest in Beauty Products Just for You,Non-Promotion
New Arrivals in Electronics,Non-Promotion
34% Discount on Fashion,Promotion
Buy 1 Get 1 Free on 65,Promotion
New Arrivals in Fashion,Non-Promotion
Flat 27% Off on Fashion,Promotion
Laptops Now Available Online,Non-Promotion
Discover the Newest Trends in Shoes,Non-Promotion
Top Picks in Shoes for You,Non-Promotion
Browse Our Laptops Catalog,Non-Promotion
Flat 78% Off on Appliances,Promotion
Latest in Mobiles Just for You,Non-Promotion
Top Picks in Beauty Products for You,Non-Promotion
13% Discount on Fashion,Promotion
Mega Sale: 42% Off,Promotion
Buy 1 Get 1 Free on 53,Promotion
Buy 1 Get 1 Free on 18,Promotion
Browse Our Home Decor Catalog,Non-Promotion
Buy 1 Get 1 Free on 37,Promotion
Flat 14% Off on Beauty Products,Promotion
Limited Time Offer: Save 48% on Mobiles,Promotion
Toys Trends You’ll Love,Non-Promotion
Introducing Our New Appliances Line,Non-Promotion
Browse Our Laptops Catalog,Non-Promotion
Top Picks in Furniture for You,Non-Promotion
New Arrivals in Beauty Products,Non-Promotion
Browse Our Shoes Catalog,Non-Promotion
Browse Our Furniture Catalog,Non-Promotion
Discover the Newest Trends in Home Decor,Non-Promotion
Exclusive Deal: 43% Off on Shoes,Promotion
New Arrivals in Beauty Products,Non-Promotion
Mega Sale: 26% Off,Promotion
Deal of the Day: 80% Off on Books,Promotion
Latest in Furniture Just for You,Non-Promotion
Top Picks in Electronics for You,Non-Promotion
Latest in Fashion Just for You,Non-Promotion
Mega Sale: 82% Off,Promotion
Deal of the Day: 58% Off on Toys,Promotion
Introducing Our New Appliances Line,Non-Promotion
Fashion Now Available Online,Non-Promotion
Flat 47% Off on Beauty Products,Promotion
New Arrivals in Books,Non-Promotion
Buy 1 Get 1 Free on 27,Promotion
Special Offer: Buy 47 and Get Home Decor Free,Promotion
Save Big: Up to 65% Off on Books,Promotion
Exclusive Deal: 11% Off on Toys,Promotion
Discover the Newest Trends in Fashion,Non-Promotion
Books Now Available Online,Non-Promotion
Home Decor Now Available Online,Non-Promotion
Limited Time Offer: Save 61% on Appliances,Promotion
Explore the Latest Books Collection,Non-Promotion
Introducing Our New Toys Line,Non-Promotion
Latest in Home Decor Just for You,Non-Promotion
Exclusive Deal: 40% Off on Appliances,Promotion
Exclusive Deal: 48% Off on Beauty Products,Promotion
Books Trends You’ll Love,Non-Promotion
Discover the Newest Trends in Beauty Products,Non-Promotion
Discover the Newest Trends in Toys,Non-Promotion
Buy 1 Get 1 Free on 72,Promotion
Limited Time Offer: Save 22% on Mobiles,Promotion
Mobiles Now Available Online,Non-Promotion
New Arrivals in Laptops,Non-Promotion
Deal of the Day: 33% Off on Laptops,Promotion
Flash Sale: 40% Off on Beauty Products,Promotion
Buy 1 Get 1 Free on 68,Promotion
Buy 1 Get 1 Free on 48,Promotion
26% Discount on Laptops,Promotion
Latest in Furniture Just for You,Non-Promotion
77% Discount on Toys,Promotion
Toys Now Available Online,Non-Promotion
Buy 1 Get 1 Free on 11,Promotion
Deal of the Day: 56% Off on Beauty Products,Promotion
Fashion Trends You’ll Love,Non-Promotion
Shoes Trends You’ll Love,Non-Promotion
Exclusive Deal: 36% Off on Toys,Promotion
Beauty Products Trends You’ll Love,Non-Promotion
Deal of the Day: 90% Off on Toys,Promotion
Discover the Newest Trends in Fashion,Non-Promotion
Flash Sale: 13% Off on Books,Promotion
Explore the Latest Shoes Collection,Non-Promotion
Latest in Laptops Just for You,Non-Promotion
Introducing Our New Home Decor Line,Non-Promotion
Fashion Now Available Online,Non-Promotion
Introducing Our New Books Line,Non-Promotion
Top Picks in Beauty Products for You,Non-Promotion
Top Picks in Toys for You,Non-Promotion
Mega Sale: 74% Off,Promotion
Exclusive Deal: 43% Off on Mobiles,Promotion
Mega Sale: 15% Off,Promotion
Shoes Trends You’ll Love,Non-Promotion
Limited Time Offer: Save 43% on Laptops,Promotion
Exclusive Deal: 40% Off on Furniture,Promotion
